{
  "feature_names": [
    "tw_f1",
    "tw_f2",
    "tw_f3",
    "tw_f4",
    "tw_f5",
    "tw_f6",
    "tw_f7",
    "tw_f8",
    "tw_f9",
    "tw_f10",
    "tw_f11",
    "tw_f12",
    "tw_f13",
    "tw_f14",
    "tw_f15",
    "tw_f16",
    "tw_f17",
    "tw_f18",
    "tw_f19",
    "tw_f20",
    "tw_f21",
    "tw_f22",
    "tw_f23",
    "tw_f24",
    "tw_f25",
    "tw_f26",
    "tw_f27",
    "tw_f28",
    "tw_f29",
    "tw_f30",
    "tw_f31",
    "tw_f32",
    "tw_f33",
    "tw_f34",
    "tw_f35",
    "tw_f36",
    "tw_f37",
    "tw_f38",
    "tw_f39",
    "tw_f40",
    "tw_f41",
    "tw_f42",
    "tw_f43",
    "tw_f44",
    "tw_f45",
    "tw_f46",
    "tw_f47",
    "tw_f48",
    "tw_f49",
    "tw_f50",
    "tw_f51",
    "tw_f52",
    "tw_f53",
    "tw_f54",
    "tw_f55",
    "tw_f56",
    "tw_f57",
    "tw_f58",
    "tw_f59",
    "tw_f60",
    "tw_f61",
    "tw_f62",
    "tw_f63",
    "tw_f64",
    "tw_f65",
    "tw_f66",
    "tw_f67",
    "tw_f68",
    "tw_f69",
    "tw_f70",
    "tw_f71",
    "tw_f72",
    "tw_f73",
    "tw_f74",
    "tw_f75",
    "tw_f76",
    "tw_f77",
    "tw_f78",
    "tw_f79",
    "tw_f80",
    "tw_f81",
    "tw_f82",
    "tw_f83",
    "tw_f84",
    "tw_f85",
    "tw_f86",
    "tw_f87",
    "tw_f88",
    "tw_f89",
    "tw_f90",
    "tw_f91",
    "tw_f92",
    "tw_f93",
    "tw_f94",
    "tw_f95"
  ],
  "training_medians": {
    "tw_f1": 0.46333950757980347,
    "tw_f2": 0.5106194615364075,
    "tw_f3": 0.5095430612564087,
    "tw_f4": 0.6034190654754639,
    "tw_f5": 0.603420078754425,
    "tw_f6": 0.9988250136375427,
    "tw_f7": 0.7970360517501831,
    "tw_f8": 0.8089664578437805,
    "tw_f9": 0.3032820522785187,
    "tw_f10": 0.7812373042106628,
    "tw_f11": 1899524480.0,
    "tw_f12": 1696603904.0,
    "tw_f13": 0.46413061022758484,
    "tw_f14": 9297859.0,
    "tw_f15": 0.07151440531015396,
    "tw_f16": 0.17606641352176666,
    "tw_f17": 0.17602163553237915,
    "tw_f18": 0.17611710727214813,
    "tw_f19": 0.2101290076971054,
    "tw_f20": 0.3201095461845398,
    "tw_f21": 572186.4375,
    "tw_f22": 0.09863541275262833,
    "tw_f23": 0.16717150807380676,
    "tw_f24": 0.022225823253393173,
    "tw_f25": 0.847528874874115,
    "tw_f26": 0.6881028413772583,
    "tw_f27": 0.6881544589996338,
    "tw_f28": 0.21755161881446838,
    "tw_f29": 5215102976.0,
    "tw_f30": 127889.3515625,
    "tw_f31": 0.2637452185153961,
    "tw_f32": 0.37532907724380493,
    "tw_f33": 0.011070357635617256,
    "tw_f34": 20635566.0,
    "tw_f35": 0.6308898329734802,
    "tw_f36": 6089464.0,
    "tw_f37": 0.14854414761066437,
    "tw_f38": 0.8514553904533386,
    "tw_f39": 0.009023970924317837,
    "tw_f40": 0.38136765360832214,
    "tw_f41": 0.008009443059563637,
    "tw_f42": 0.09865545481443405,
    "tw_f43": 0.16632072627544403,
    "tw_f44": 0.4057709574699402,
    "tw_f45": 0.12416821718215942,
    "tw_f46": 6743180.0,
    "tw_f47": 5568072.5,
    "tw_f48": 2067426688.0,
    "tw_f49": 1474539136.0,
    "tw_f50": 0.03959227725863457,
    "tw_f51": 834596.5,
    "tw_f52": 0.3929845690727234,
    "tw_f53": 10617869.0,
    "tw_f54": 0.7844696044921875,
    "tw_f55": 0.35536712408065796,
    "tw_f56": 0.4981211721897125,
    "tw_f57": 0.08474361151456833,
    "tw_f58": 2320954.75,
    "tw_f59": 120149688.0,
    "tw_f60": 0.11650381237268448,
    "tw_f61": 0.34654226899147034,
    "tw_f62": 0.27735310792922974,
    "tw_f63": 48247720.0,
    "tw_f64": 0.7504055500030518,
    "tw_f65": 0.7320535182952881,
    "tw_f66": 0.33677202463150024,
    "tw_f67": 47976828.0,
    "tw_f68": 0.9208680987358093,
    "tw_f69": 0.002340392442420125,
    "tw_f70": 0.03911194950342178,
    "tw_f71": 1299460864.0,
    "tw_f72": 2239096064.0,
    "tw_f73": 0.5939908027648926,
    "tw_f74": 2323238656.0,
    "tw_f75": 0.6715546250343323,
    "tw_f76": 12867272.0,
    "tw_f77": 0.7504055500030518,
    "tw_f78": 0.33677202463150024,
    "tw_f79": 0.12060004472732544,
    "tw_f80": 0.6413736939430237,
    "tw_f81": 0.4591153860092163,
    "tw_f82": 0.5751174688339233,
    "tw_f83": 0.31330451369285583,
    "tw_f84": 0.04445935785770416,
    "tw_f85": 0.005655573680996895,
    "tw_f86": 0.774834156036377,
    "tw_f87": 48313692.0,
    "tw_f88": 0.6236191391944885,
    "tw_f89": 0.6034172773361206,
    "tw_f90": 0.8349000811576843,
    "tw_f91": 0.2860986292362213,
    "tw_f92": 0.027833350002765656,
    "tw_f93": 0.5649621486663818,
    "tw_f94": 1.0,
    "tw_f95": 0.03547092154622078
  },
  "target_column": "target",
  "binarize_threshold": -0.5,
  "columns_dropped": [
    "Company",
    "Time"
  ]
}