{
  "feature_names": [
    "tw_f19",
    "tw_f37",
    "tw_f50",
    "tw_f2",
    "tw_f43",
    "tw_f74",
    "tw_f91",
    "tw_f18",
    "tw_f54",
    "tw_f1",
    "tw_f86",
    "tw_f57",
    "tw_f81",
    "tw_f3"
  ],
  "training_medians": {
    "tw_f19": 0.21006959676742554,
    "tw_f37": 0.1485799252986908,
    "tw_f50": 0.03899265080690384,
    "tw_f2": 0.5098623633384705,
    "tw_f43": 0.16627608239650726,
    "tw_f74": 2343301888.0,
    "tw_f91": 0.28628766536712646,
    "tw_f18": 0.17575854063034058,
    "tw_f54": 0.7841153144836426,
    "tw_f1": 0.4625765085220337,
    "tw_f86": 0.7745887637138367,
    "tw_f57": 0.08455890417098999,
    "tw_f81": 0.4589956998825073,
    "tw_f3": 0.5087396502494812
  },
  "target_column": "target",
  "binarize_threshold": -0.5,
  "columns_dropped": [
    "Company",
    "Time"
  ]
}