{
  "feature_names": [
    "tw_f19",
    "tw_f37",
    "tw_f50",
    "tw_f2",
    "tw_f43",
    "tw_f74",
    "tw_f91",
    "tw_f18",
    "tw_f54",
    "tw_f1",
    "tw_f86",
    "tw_f57",
    "tw_f81",
    "tw_f3"
  ],
  "training_medians": {
    "tw_f19": 0.21006959676742554,
    "tw_f37": 0.1485799252986908,
    "tw_f50": 0.03899265080690384,
    "tw_f2": 0.5098623633384705,
    "tw_f43": 0.16627608239650726,
    "tw_f74": 2343301888.0,
    "tw_f91": 0.28628766536712646,
    "tw_f18": 0.17575854063034058,
    "tw_f54": 0.7841153144836426,
    "tw_f1": 0.4625765085220337,
    "tw_f86": 0.7745887637138367,
    "tw_f57": 0.08455890417098999,
    "tw_f81": 0.4589956998825073,
    "tw_f3": 0.5087396502494812
  },
  "training_stds": {
    "tw_f19": 0.031890999525785446,
    "tw_f37": 0.05424756556749344,
    "tw_f50": 0.037493184208869934,
    "tw_f2": 0.0653548315167427,
    "tw_f43": 0.029798293486237526,
    "tw_f74": 2951726592.0,
    "tw_f91": 0.01382055226713419,
    "tw_f18": 0.03129107132554054,
    "tw_f54": 0.05966096371412277,
    "tw_f1": 0.06035417690873146,
    "tw_f86": 0.03995369374752045,
    "tw_f57": 0.14036254584789276,
    "tw_f81": 0.029810231178998947,
    "tw_f3": 0.061401184648275375
  },
  "training_mins": {
    "tw_f19": 0.07856670022010803,
    "tw_f37": 0.0,
    "tw_f50": 0.0,
    "tw_f2": 0.0,
    "tw_f43": 0.05243948474526405,
    "tw_f74": 0.0,
    "tw_f91": 0.13350290060043335,
    "tw_f18": 0.0,
    "tw_f54": 0.0,
    "tw_f1": 0.02427728846669197,
    "tw_f86": 0.0,
    "tw_f57": 0.0,
    "tw_f81": 0.0,
    "tw_f3": 0.033513572067022324
  },
  "training_maxs": {
    "tw_f19": 1.0,
    "tw_f37": 1.0,
    "tw_f50": 1.0,
    "tw_f2": 1.0,
    "tw_f43": 1.0,
    "tw_f74": 10000000000.0,
    "tw_f91": 1.0,
    "tw_f18": 0.549197256565094,
    "tw_f54": 1.0,
    "tw_f1": 1.0,
    "tw_f86": 1.0,
    "tw_f57": 1.0,
    "tw_f81": 1.0,
    "tw_f3": 1.0
  },
  "target_column": "target",
  "binarize_threshold": -0.5,
  "columns_dropped": [
    "Company",
    "Time"
  ]
}