{
  "feature_names": [
    "tw_f19",
    "tw_f37",
    "tw_f50",
    "tw_f2",
    "tw_f43",
    "tw_f74",
    "tw_f91",
    "tw_f18",
    "tw_f54",
    "tw_f1",
    "tw_f86",
    "tw_f57",
    "tw_f81",
    "tw_f3"
  ],
  "training_medians": {
    "tw_f19": 0.22426018118858337,
    "tw_f37": 0.11140672117471695,
    "tw_f50": 0.029677418991923332,
    "tw_f2": 0.559365451335907,
    "tw_f43": 0.17825201153755188,
    "tw_f74": 1140000000.0,
    "tw_f91": 0.27877944707870483,
    "tw_f18": 0.18410517275333405,
    "tw_f54": 0.81012362241745,
    "tw_f1": 0.5021206140518188,
    "tw_f86": 0.8103569746017456,
    "tw_f57": 0.07462747395038605,
    "tw_f81": 0.45974594354629517,
    "tw_f3": 0.551689088344574
  },
  "target_column": "target",
  "binarize_threshold": -0.5,
  "columns_dropped": [
    "Company",
    "Time"
  ],
  "training_means": {
    "tw_f19": 0.22832082858280126,
    "tw_f37": 0.11324989075960158,
    "tw_f50": 0.03867768542303283,
    "tw_f2": 0.5578182291891682,
    "tw_f43": 0.182236225975423,
    "tw_f74": 2496307726.574949,
    "tw_f91": 0.28040996590794826,
    "tw_f18": 0.19005834597660576,
    "tw_f54": 0.8142162234000827,
    "tw_f1": 0.5044466268547787,
    "tw_f86": 0.8074198736388349,
    "tw_f57": 0.12431283330518793,
    "tw_f81": 0.4618767952152095,
    "tw_f3": 0.5529461341492634
  },
  "training_stds": {
    "tw_f19": 0.03188807540511262,
    "tw_f37": 0.054242592876948104,
    "tw_f50": 0.037489748154419016,
    "tw_f2": 0.06534883981866854,
    "tw_f43": 0.029795562325057017,
    "tw_f74": 2951456061.2391715,
    "tw_f91": 0.01381928538735875,
    "tw_f18": 0.031288203209823014,
    "tw_f54": 0.05965549458306881,
    "tw_f1": 0.06034864330694764,
    "tw_f86": 0.0399500308514335,
    "tw_f57": 0.14034967592841074,
    "tw_f81": 0.029807498872658808,
    "tw_f3": 0.06139555447964619
  }
}